Workbook

Sheet Log
A1: Date | B1: videos_total | C1: videos_with_data | D1: sum_views_30d | E1: sum_impressions | F1: avg_ctr_weighted | G1: avg_view_pct_mean | H1: gsc_queries | I1: gsc_clicks | J1: gsc_impressions | K1: gsc_ctr_pct | L1: gsc_top3 | M1: gsc_top10 | N1: gsc_top20 | O1: notes
A2: 2026-04-21 | B2: 47 | C2: 46 | D2: 16660 | E2: 16456 | F2: 8.96 | G2: 52.7 | H2: 97 | I2: 52 | J2: 640 | K2: 8.12 | L2: 2 | M2: 40 | N2: 55 | O2: gsc=gsc_queries_2026-04-21.csv
A3: 2026-04-22 | B3: 55 | C3: 55 | D3: 10908 | E3: 106459 | F3: 9.72 | G3: 48 | H3: 82 | I3: 49 | J3: 522 | K3: 9.39 | L3: 2 | M3: 38 | N3: 50 | O3: gsc=gsc_queries_2026-04-22.csv
A4: 2026-04-23 | B4: 55 | C4: 55 | D4: 10413 | E4: 103865 | F4: 9.48 | G4: 47.5 | H4: 83 | I4: 50 | J4: 541 | K4: 9.24 | L4: 3 | M4: 39 | N4: 51 | O4: gsc=gsc_queries_2026-04-23.csv
A5: 2026-04-24 | B5: 55 | C5: 55 | D5: 10137 | E5: 102355 | F5: 9.36 | G5: 47.3 | H5: 85 | I5: 51 | J5: 554 | K5: 9.21 | L5: 3 | M5: 41 | N5: 52 | O5: gsc=gsc_queries_2026-04-24.csv
A6: 2026-04-25 | B6: 55 | C6: 55 | D6: 9385 | E6: 95462 | F6: 9.25 | G6: 47.3 | H6: 90 | I6: 56 | J6: 578 | K6: 9.69 | L6: 3 | M6: 41 | N6: 54 | O6: gsc=gsc_queries_2026-04-25.csv
A7: 2026-04-26 | B7: 55 | C7: 55 | D7: 9054 | E7: 92089 | F7: 9.22 | G7: 47.2 | H7: 90 | I7: 55 | J7: 572 | K7: 9.62 | L7: 3 | M7: 41 | N7: 54 | O7: gsc=gsc_queries_2026-04-26.csv
A8: 2026-04-29 | B8: 55 | C8: 55 | D8: 7869 | E8: 82087 | F8: 8.9 | G8: 47.9 | H8: 107 | I8: 57 | J8: 716 | K8: 7.96 | L8: 3 | M8: 50 | N8: 69 | O8: gsc=gsc_queries_2026-04-29.csv
A9: 2026-04-30 | B9: 55 | C9: 55 | D9: 6918 | E9: 73637 | F9: 8.63 | G9: 48.1 | H9: 108 | I9: 57 | J9: 741 | K9: 7.69 | L9: 3 | M9: 50 | N9: 70 | O9: gsc=gsc_queries_2026-04-30.csv
A10: 2026-05-01 | B10: 55 | C10: 55 | D10: 6384 | E10: 69130 | F10: 8.42 | G10: 48.3 | H10: 108 | I10: 61 | J10: 775 | K10: 7.87 | L10: 3 | M10: 50 | N10: 70 | O10: gsc=gsc_queries_2026-05-01.csv
A11: 2026-05-02 | B11: 55 | C11: 55 | D11: 5967 | E11: 65304 | F11: 8.28 | G11: 48.2 | H11: 112 | I11: 65 | J11: 814 | K11: 7.99 | L11: 4 | M11: 52 | N11: 73 | O11: gsc=gsc_queries_2026-05-02.csv
A12: 2026-05-03 | B12: 55 | C12: 55 | D12: 5716 | E12: 62559 | F12: 8.24 | G12: 48.1 | H12: 130 | I12: 70 | J12: 879 | K12: 7.96 | L12: 5 | M12: 56 | N12: 75 | O12: gsc=gsc_queries_2026-05-03.csv
A13: 2026-05-04 | B13: 55 | C13: 55 | D13: 5533 | E13: 61307 | F13: 8.11 | G13: 48.6 | H13: 144 | I13: 73 | J13: 941 | K13: 7.76 | L13: 5 | M13: 57 | N13: 78 | O13: gsc=gsc_queries_2026-05-04.csv
... A159: 2026-10-29 | B159: 133 | C159: 119 | D159: 302051 | E159: 2345888 | F159: 12.85 | G159: 51.6 | H159: 495 | I159: 112 | J159: 4240 | K159: 2.64 | L159: 47 | M159: 283 | N159: 379 | O159: gsc=gsc_queries_2026-09-30.csv

Sheet Dashboard
A1: LCDMH — Progression quotidienne
A3: Dernière mesure
A5: Indicateur | B5: Valeur | C5: Δ vs J-1 | D5: Δ vs J-7 | E5: Δ vs J-30
A6: Date dernière mesure | B6: =LOOKUP(2,1/(Log!A:A<>""),Log!A:A) | C6: — | D6: — | E6: —
A7: Vues YouTube 30j (total) | B7: =LOOKUP(2,1/(Log!D:D<>""),Log!D:D) | C7: =IFERROR(INDEX(Log!D:D,MATCH(2,1/(Log!D:D<>""),Log!D:D))-INDEX(Log!D:D,MATCH(2,1/(Log!D:D<>""),Log!D:D)-1),"—") | D7: =IFERROR(INDEX(Log!D:D,MATCH(2,1/(Log!D:D<>""),Log!D:D))-INDEX(Log!D:D,MATCH(2,1/(Log!D:D<>""),Log!D:D)-7),"—") | E7: =IFERROR(INDEX(Log!D:D,MATCH(2,1/(Log!D:D<>""),Log!D:D))-INDEX(Log!D:D,MATCH(2,1/(Log!D:D<>""),Log!D:D)-30),"—")
A8: Impressions YouTube | B8: =LOOKUP(2,1/(Log!E:E<>""),Log!E:E) | C8: =IFERROR(INDEX(Log!E:E,MATCH(2,1/(Log!E:E<>""),Log!E:E))-INDEX(Log!E:E,MATCH(2,1/(Log!E:E<>""),Log!E:E)-1),"—") | D8: =IFERROR(INDEX(Log!E:E,MATCH(2,1/(Log!E:E<>""),Log!E:E))-INDEX(Log!E:E,MATCH(2,1/(Log!E:E<>""),Log!E:E)-7),"—") | E8: =IFERROR(INDEX(Log!E:E,MATCH(2,1/(Log!E:E<>""),Log!E:E))-INDEX(Log!E:E,MATCH(2,1/(Log!E:E<>""),Log!E:E)-30),"—")
A9: CTR YouTube pondéré | B9: =LOOKUP(2,1/(Log!F:F<>""),Log!F:F) | C9: =IFERROR(INDEX(Log!F:F,MATCH(2,1/(Log!F:F<>""),Log!F:F))-INDEX(Log!F:F,MATCH(2,1/(Log!F:F<>""),Log!F:F)-1),"—") | D9: =IFERROR(INDEX(Log!F:F,MATCH(2,1/(Log!F:F<>""),Log!F:F))-INDEX(Log!F:F,MATCH(2,1/(Log!F:F<>""),Log!F:F)-7),"—") | E9: =IFERROR(INDEX(Log!F:F,MATCH(2,1/(Log!F:F<>""),Log!F:F))-INDEX(Log!F:F,MATCH(2,1/(Log!F:F<>""),Log!F:F)-30),"—")
A10: % rétention moyen | B10: =LOOKUP(2,1/(Log!G:G<>""),Log!G:G) | C10: =IFERROR(INDEX(Log!G:G,MATCH(2,1/(Log!G:G<>""),Log!G:G))-INDEX(Log!G:G,MATCH(2,1/(Log!G:G<>""),Log!G:G)-1),"—") | D10: =IFERROR(INDEX(Log!G:G,MATCH(2,1/(Log!G:G<>""),Log!G:G))-INDEX(Log!G:G,MATCH(2,1/(Log!G:G<>""),Log!G:G)-7),"—") | E10: =IFERROR(INDEX(Log!G:G,MATCH(2,1/(Log!G:G<>""),Log!G:G))-INDEX(Log!G:G,MATCH(2,1/(Log!G:G<>""),Log!G:G)-30),"—")
A11: Requêtes GSC | B11: =LOOKUP(2,1/(Log!H:H<>""),Log!H:H) | C11: =IFERROR(INDEX(Log!H:H,MATCH(2,1/(Log!H:H<>""),Log!H:H))-INDEX(Log!H:H,MATCH(2,1/(Log!H:H<>""),Log!H:H)-1),"—") | D11: =IFERROR(INDEX(Log!H:H,MATCH(2,1/(Log!H:H<>""),Log!H:H))-INDEX(Log!H:H,MATCH(2,1/(Log!H:H<>""),Log!H:H)-7),"—") | E11: =IFERROR(INDEX(Log!H:H,MATCH(2,1/(Log!H:H<>""),Log!H:H))-INDEX(Log!H:H,MATCH(2,1/(Log!H:H<>""),Log!H:H)-30),"—")
A12: Clics GSC | B12: =LOOKUP(2,1/(Log!I:I<>""),Log!I:I) | C12: =IFERROR(INDEX(Log!I:I,MATCH(2,1/(Log!I:I<>""),Log!I:I))-INDEX(Log!I:I,MATCH(2,1/(Log!I:I<>""),Log!I:I)-1),"—") | D12: =IFERROR(INDEX(Log!I:I,MATCH(2,1/(Log!I:I<>""),Log!I:I))-INDEX(Log!I:I,MATCH(2,1/(Log!I:I<>""),Log!I:I)-7),"—") | E12: =IFERROR(INDEX(Log!I:I,MATCH(2,1/(Log!I:I<>""),Log!I:I))-INDEX(Log!I:I,MATCH(2,1/(Log!I:I<>""),Log!I:I)-30),"—")
A13: Impressions GSC | B13: =LOOKUP(2,1/(Log!J:J<>""),Log!J:J) | C13: =IFERROR(INDEX(Log!J:J,MATCH(2,1/(Log!J:J<>""),Log!J:J))-INDEX(Log!J:J,MATCH(2,1/(Log!J:J<>""),Log!J:J)-1),"—") | D13: =IFERROR(INDEX(Log!J:J,MATCH(2,1/(Log!J:J<>""),Log!J:J))-INDEX(Log!J:J,MATCH(2,1/(Log!J:J<>""),Log!J:J)-7),"—") | E13: =IFERROR(INDEX(Log!J:J,MATCH(2,1/(Log!J:J<>""),Log!J:J))-INDEX(Log!J:J,MATCH(2,1/(Log!J:J<>""),Log!J:J)-30),"—")
A14: CTR GSC global | B14: =LOOKUP(2,1/(Log!K:K<>""),Log!K:K) | C14: =IFERROR(INDEX(Log!K:K,MATCH(2,1/(Log!K:K<>""),Log!K:K))-INDEX(Log!K:K,MATCH(2,1/(Log!K:K<>""),Log!K:K)-1),"—") | D14: =IFERROR(INDEX(Log!K:K,MATCH(2,1/(Log!K:K<>""),Log!K:K))-INDEX(Log!K:K,MATCH(2,1/(Log!K:K<>""),Log!K:K)-7),"—") | E14: =IFERROR(INDEX(Log!K:K,MATCH(2,1/(Log!K:K<>""),Log!K:K))-INDEX(Log!K:K,MATCH(2,1/(Log!K:K<>""),Log!K:K)-30),"—")
A15: Requêtes GSC top3 | B15: =LOOKUP(2,1/(Log!L:L<>""),Log!L:L) | C15: =IFERROR(INDEX(Log!L:L,MATCH(2,1/(Log!L:L<>""),Log!L:L))-INDEX(Log!L:L,MATCH(2,1/(Log!L:L<>""),Log!L:L)-1),"—") | D15: =IFERROR(INDEX(Log!L:L,MATCH(2,1/(Log!L:L<>""),Log!L:L))-INDEX(Log!L:L,MATCH(2,1/(Log!L:L<>""),Log!L:L)-7),"—") | E15: =IFERROR(INDEX(Log!L:L,MATCH(2,1/(Log!L:L<>""),Log!L:L))-INDEX(Log!L:L,MATCH(2,1/(Log!L:L<>""),Log!L:L)-30),"—")
A16: Requêtes GSC top10 | B16: =LOOKUP(2,1/(Log!M:M<>""),Log!M:M) | C16: =IFERROR(INDEX(Log!M:M,MATCH(2,1/(Log!M:M<>""),Log!M:M))-INDEX(Log!M:M,MATCH(2,1/(Log!M:M<>""),Log!M:M)-1),"—") | D16: =IFERROR(INDEX(Log!M:M,MATCH(2,1/(Log!M:M<>""),Log!M:M))-INDEX(Log!M:M,MATCH(2,1/(Log!M:M<>""),Log!M:M)-7),"—") | E16: =IFERROR(INDEX(Log!M:M,MATCH(2,1/(Log!M:M<>""),Log!M:M))-INDEX(Log!M:M,MATCH(2,1/(Log!M:M<>""),Log!M:M)-30),"—")
A17: Requêtes GSC top20 | B17: =LOOKUP(2,1/(Log!N:N<>""),Log!N:N) | C17: =IFERROR(INDEX(Log!N:N,MATCH(2,1/(Log!N:N<>""),Log!N:N))-INDEX(Log!N:N,MATCH(2,1/(Log!N:N<>""),Log!N:N)-1),"—") | D17: =IFERROR(INDEX(Log!N:N,MATCH(2,1/(Log!N:N<>""),Log!N:N))-INDEX(Log!N:N,MATCH(2,1/(Log!N:N<>""),Log!N:N)-7),"—") | E17: =IFERROR(INDEX(Log!N:N,MATCH(2,1/(Log!N:N<>""),Log!N:N))-INDEX(Log!N:N,MATCH(2,1/(Log!N:N<>""),Log!N:N)-30),"—")
A20: Graphique — à générer automatiquement après 7 jours de données

Sheet README
A1: daily_stats_log.xlsx — mode d'emploi
A3: CE FICHIER EST ALIMENTÉ AUTOMATIQUEMENT par scripts/daily_stats.ps1 (tâche planifiée).
A5: • Feuille Log : 1 ligne par jour, toutes les métriques brutes.
A6: • Feuille Dashboard : dernière mesure + delta vs J-1, J-7, J-30 (formules auto).
A7: • Feuille README : ce document.
A9: Si une ligne est manquante (PC éteint), la tâche planifiée a StartWhenAvailable=true :
A10: elle se lancera dès le prochain démarrage.
A12: Pour forcer une mise à jour manuelle :
A13: cd F:\LCDMH_GitHub_Audit
A14: python scripts\append_daily_log.py
A16: Pour une collecte complète manuelle (fetch YouTube + log + commit) :
A17: pwsh -File scripts\daily_stats.ps1 -Commit
... A22: • L'impact des articles GEO sur gsc_clicks (objectif 90j : 52 → 150+)
